{"loss": 2.748046875, "epoch": 0, "batch": 0, "_timestamp": 1701682482.8947017, "_runtime": 49.0264527797699, "_step": 0, "_wandb": {"runtime": 49}}