{"loss": 2.486572265625, "epoch": 0, "batch": 0, "_timestamp": 1701681594.7080407, "_runtime": 47.79629564285278, "_step": 0, "_wandb": {"runtime": 47}}