{"loss": 1.9215048551559448, "epoch": 6, "batch": 20, "_timestamp": 1701701309.4520297, "_runtime": 341.35575771331787, "_step": 19, "val_loss": 1.9336556911468505, "val_accuracy": 0.2222222222222222, "_wandb": {"runtime": 345}}