{"loss": 1.933746337890625, "epoch": 8, "batch": 0, "_timestamp": 1701687206.5462563, "_runtime": 510.42868733406067, "_step": 16, "val_loss": 1.6714275479316711, "val_accuracy": 0.1111111111111111}