{"loss": 0.8046973347663879, "epoch": 99, "batch": 0, "_timestamp": 1701692462.0365276, "_runtime": 5765.91895866394, "_step": 200, "val_loss": 2.0935660004615784, "val_accuracy": 0.2777777777777778, "test_loss": 1.568858653306961, "test_accuracy": 0.2777777777777778, "_wandb": {"runtime": 5765}}