{"loss": 2.0780029296875, "epoch": 0, "batch": 0, "_timestamp": 1701678562.8528726, "_runtime": 23.139399528503418, "_step": 0, "_wandb": {"runtime": 23}}