{"loss": 0.7897671461105347, "epoch": 1, "batch": 25, "_timestamp": 1702949880.3824008, "_runtime": 424.40275979042053, "_step": 14, "val_loss": 1.1307493686676025, "val_accuracy": 0.6086956521739131, "test_loss": 1.082040286064148, "test_accuracy": 0.6376811594202898}