{"loss": 2.3212890625, "epoch": 1, "batch": 0, "_timestamp": 1701699846.2655, "_runtime": 106.87716603279114, "_step": 3, "val_loss": 2.0927247047424316, "val_accuracy": 0.16666666666666666, "_wandb": {"runtime": 133}}