{"loss": 2.1800537109375, "epoch": 0, "batch": 0, "_timestamp": 1701686426.3937387, "_runtime": 52.43517184257507, "_step": 0, "_wandb": {"runtime": 95}}