{"loss": 2.137939453125, "epoch": 6, "batch": 0, "_timestamp": 1701683039.7950451, "_runtime": 408.3803861141205, "_step": 12, "val_loss": 1.9062012434005737, "val_accuracy": 0.2777777777777778}