{"loss": 2.0516357421875, "epoch": 9, "batch": 0, "_timestamp": 1701683282.7759032, "_runtime": 651.3612442016602, "_step": 20, "val_loss": 2.4613544940948486, "val_accuracy": 0.1111111111111111, "_wandb": {"runtime": 650}}