{"loss": 2.1431884765625, "epoch": 3, "batch": 0, "_timestamp": 1701682917.6569893, "_runtime": 286.2423303127289, "_step": 7, "val_loss": 1.9006624221801758, "val_accuracy": 0.2777777777777778}