{"loss": 2.128786087036133, "epoch": 10, "batch": 20, "_timestamp": 1701701461.4666016, "_runtime": 125.82303071022034, "_step": 31, "val_loss": 1.934807300567627, "val_accuracy": 0.2777777777777778, "_wandb": {"runtime": 127}}