{"loss": 2.43359375, "epoch": 0, "batch": 0, "_timestamp": 1701699944.5270028, "_runtime": 25.578950881958008, "_step": 0, "_wandb": {"runtime": 42}}