{"loss": 1.888916015625, "epoch": 0, "batch": 0, "_timestamp": 1701682255.4535468, "_runtime": 48.14313578605652, "_step": 0, "_wandb": {"runtime": 48}}