{"loss": 2.55474853515625, "epoch": 0, "batch": 0, "_timestamp": 1701686599.3299131, "_runtime": 52.404232025146484, "_step": 0, "_wandb": {"runtime": 95}}