{"loss": 0.586945652961731, "epoch": 113, "batch": 0, "_timestamp": 1701699014.0806088, "_runtime": 6509.066075801849, "_step": 226, "val_loss": 2.3978631496429443, "val_accuracy": 0.3333333333333333, "_wandb": {"runtime": 6520}}